[{"model": "admin.logentry", "pk": 1, "fields": {"action_time": "2021-03-28T17:53:47.456Z", "user": 1, "content_type": 7, "object_id": "1", "object_repr": "cooksfinest.example.com", "action_flag": 2, "change_message": "[{\"changed\": {\"fields\": [\"Domain name\", \"Display name\"]}}]"}}, {"model": "admin.logentry", "pk": 2, "fields": {"action_time": "2021-03-28T18:04:28.289Z", "user": 1, "content_type": 8, "object_id": "1", "object_repr": "greg-lewis@hotmail.co.uk", "action_flag": 2, "change_message": "[{\"changed\": {\"fields\": [\"Verified\", \"Primary\"]}}]"}}, {"model": "admin.logentry", "pk": 3, "fields": {"action_time": "2021-04-05T15:46:13.729Z", "user": 1, "content_type": 14, "object_id": "1", "object_repr": "Rectangular Wooden Chopping Board", "action_flag": 1, "change_message": "[{\"added\": {}}]"}}, {"model": "admin.logentry", "pk": 4, "fields": {"action_time": "2021-04-05T15:46:19.959Z", "user": 1, "content_type": 14, "object_id": "1", "object_repr": "Rectangular Wooden Chopping Board", "action_flag": 2, "change_message": "[]"}}, {"model": "admin.logentry", "pk": 5, "fields": {"action_time": "2021-04-05T15:52:29.410Z", "user": 1, "content_type": 13, "object_id": "1", "object_repr": "pots_pans", "action_flag": 1, "change_message": "[{\"added\": {}}]"}}, {"model": "admin.logentry", "pk": 6, "fields": {"action_time": "2021-04-05T15:52:44.101Z", "user": 1, "content_type": 13, "object_id": "2", "object_repr": "bakeware", "action_flag": 1, "change_message": "[{\"added\": {}}]"}}, {"model": "admin.logentry", "pk": 7, "fields": {"action_time": "2021-04-05T15:52:54.486Z", "user": 1, "content_type": 13, "object_id": "3", "object_repr": "knives", "action_flag": 1, "change_message": "[{\"added\": {}}]"}}, {"model": "admin.logentry", "pk": 8, "fields": {"action_time": "2021-04-05T15:53:08.173Z", "user": 1, "content_type": 13, "object_id": "4", "object_repr": "tools_gadgets", "action_flag": 1, "change_message": "[{\"added\": {}}]"}}, {"model": "admin.logentry", "pk": 9, "fields": {"action_time": "2021-04-05T15:53:20.331Z", "user": 1, "content_type": 13, "object_id": "5", "object_repr": "cutlery", "action_flag": 1, "change_message": "[{\"added\": {}}]"}}, {"model": "admin.logentry", "pk": 10, "fields": {"action_time": "2021-04-05T15:53:26.375Z", "user": 1, "content_type": 13, "object_id": "6", "object_repr": "crockery", "action_flag": 1, "change_message": "[{\"added\": {}}]"}}, {"model": "admin.logentry", "pk": 11, "fields": {"action_time": "2021-04-05T15:53:35.654Z", "user": 1, "content_type": 13, "object_id": "7", "object_repr": "glassware", "action_flag": 1, "change_message": "[{\"added\": {}}]"}}, {"model": "admin.logentry", "pk": 12, "fields": {"action_time": "2021-04-05T15:53:49.089Z", "user": 1, "content_type": 13, "object_id": "8", "object_repr": "serving_pieces", "action_flag": 1, "change_message": "[{\"added\": {}}]"}}, {"model": "admin.logentry", "pk": 13, "fields": {"action_time": "2021-04-05T15:54:01.790Z", "user": 1, "content_type": 13, "object_id": "9", "object_repr": "chopping_boards", "action_flag": 1, "change_message": "[{\"added\": {}}]"}}, {"model": "admin.logentry", "pk": 14, "fields": {"action_time": "2021-04-05T15:54:10.869Z", "user": 1, "content_type": 13, "object_id": "10", "object_repr": "utensils", "action_flag": 1, "change_message": "[{\"added\": {}}]"}}, {"model": "admin.logentry", "pk": 15, "fields": {"action_time": "2021-04-05T15:55:00.975Z", "user": 1, "content_type": 13, "object_id": "11", "object_repr": "oven_gloves_towels_aprons", "action_flag": 1, "change_message": "[{\"added\": {}}]"}}, {"model": "admin.logentry", "pk": 16, "fields": {"action_time": "2021-04-05T15:55:16.644Z", "user": 1, "content_type": 13, "object_id": "12", "object_repr": "measuring", "action_flag": 1, "change_message": "[{\"added\": {}}]"}}, {"model": "admin.logentry", "pk": 17, "fields": {"action_time": "2021-04-05T15:55:27.024Z", "user": 1, "content_type": 13, "object_id": "13", "object_repr": "new_arrivals", "action_flag": 1, "change_message": "[{\"added\": {}}]"}}, {"model": "admin.logentry", "pk": 18, "fields": {"action_time": "2021-04-05T15:55:33.118Z", "user": 1, "content_type": 13, "object_id": "14", "object_repr": "deals", "action_flag": 1, "change_message": "[{\"added\": {}}]"}}, {"model": "admin.logentry", "pk": 19, "fields": {"action_time": "2021-04-05T15:55:41.200Z", "user": 1, "content_type": 13, "object_id": "15", "object_repr": "clearance", "action_flag": 1, "change_message": "[{\"added\": {}}]"}}, {"model": "admin.logentry", "pk": 20, "fields": {"action_time": "2021-04-05T15:56:13.661Z", "user": 1, "content_type": 14, "object_id": "1", "object_repr": "Rectangular Wooden Chopping Board", "action_flag": 2, "change_message": "[{\"changed\": {\"fields\": [\"Category\"]}}]"}}, {"model": "admin.logentry", "pk": 21, "fields": {"action_time": "2021-04-05T15:58:04.089Z", "user": 1, "content_type": 14, "object_id": "1", "object_repr": "Rectangular Wooden Chopping Board", "action_flag": 2, "change_message": "[{\"changed\": {\"fields\": [\"Image url\"]}}]"}}, {"model": "admin.logentry", "pk": 22, "fields": {"action_time": "2021-04-05T15:59:37.051Z", "user": 1, "content_type": 14, "object_id": "1", "object_repr": "Rectangular Wooden Chopping Board", "action_flag": 2, "change_message": "[{\"changed\": {\"fields\": [\"Image url\"]}}]"}}, {"model": "admin.logentry", "pk": 23, "fields": {"action_time": "2021-04-05T16:05:38.653Z", "user": 1, "content_type": 14, "object_id": "1", "object_repr": "Rectangular Wooden Chopping Board", "action_flag": 2, "change_message": "[]"}}, {"model": "admin.logentry", "pk": 24, "fields": {"action_time": "2021-04-05T16:06:48.053Z", "user": 1, "content_type": 14, "object_id": "1", "object_repr": "Rectangular Wooden Chopping Board", "action_flag": 3, "change_message": ""}}, {"model": "admin.logentry", "pk": 25, "fields": {"action_time": "2021-04-05T16:10:50.657Z", "user": 1, "content_type": 14, "object_id": "2", "object_repr": "Rectangular Wooden Chopping Board", "action_flag": 1, "change_message": "[{\"added\": {}}]"}}, {"model": "admin.logentry", "pk": 26, "fields": {"action_time": "2021-04-05T16:15:05.818Z", "user": 1, "content_type": 14, "object_id": "3", "object_repr": "Luxury End Grain Multi-wood Chopping Board", "action_flag": 1, "change_message": "[{\"added\": {}}]"}}, {"model": "admin.logentry", "pk": 27, "fields": {"action_time": "2021-04-05T16:17:37.989Z", "user": 1, "content_type": 14, "object_id": "4", "object_repr": "Round Wooden Chopping Board", "action_flag": 1, "change_message": "[{\"added\": {}}]"}}, {"model": "admin.logentry", "pk": 28, "fields": {"action_time": "2021-04-05T16:23:07.103Z", "user": 1, "content_type": 14, "object_id": "5", "object_repr": "Kombi Bamboo and Plastic Chopping Board", "action_flag": 1, "change_message": "[{\"added\": {}}]"}}, {"model": "admin.logentry", "pk": 29, "fields": {"action_time": "2021-04-05T16:34:22.027Z", "user": 1, "content_type": 14, "object_id": "6", "object_repr": "Plastic Chopping Board 18x12 Inch White", "action_flag": 1, "change_message": "[{\"added\": {}}]"}}, {"model": "admin.logentry", "pk": 30, "fields": {"action_time": "2021-04-05T16:42:11.047Z", "user": 1, "content_type": 14, "object_id": "7", "object_repr": "Victorinox Fibrox Chef Knife 12.5cm", "action_flag": 1, "change_message": "[{\"added\": {}}]"}}, {"model": "admin.logentry", "pk": 31, "fields": {"action_time": "2021-04-05T17:50:31.915Z", "user": 1, "content_type": 14, "object_id": "8", "object_repr": "homgeek Professional Kitchen Knife Set with Wooden Block", "action_flag": 1, "change_message": "[{\"added\": {}}]"}}, {"model": "admin.logentry", "pk": 32, "fields": {"action_time": "2021-04-05T17:55:00.815Z", "user": 1, "content_type": 14, "object_id": "9", "object_repr": "My Kitchen Silicone-Coated Cooking Spatula", "action_flag": 1, "change_message": "[{\"added\": {}}]"}}, {"model": "admin.logentry", "pk": 33, "fields": {"action_time": "2021-04-05T18:00:56.009Z", "user": 1, "content_type": 14, "object_id": "10", "object_repr": "Wusthof Gourmet Slotted Spatula", "action_flag": 1, "change_message": "[{\"added\": {}}]"}}, {"model": "admin.logentry", "pk": 34, "fields": {"action_time": "2021-04-05T18:25:05.283Z", "user": 1, "content_type": 14, "object_id": "11", "object_repr": "Mason Cash 5 Piece Bamboo Kitchen Utensil Set", "action_flag": 1, "change_message": "[{\"added\": {}}]"}}, {"model": "admin.logentry", "pk": 35, "fields": {"action_time": "2021-04-05T18:25:24.281Z", "user": 1, "content_type": 14, "object_id": "11", "object_repr": "Mason Cash 5 Piece Bamboo Kitchen Utensil Set", "action_flag": 2, "change_message": "[{\"changed\": {\"fields\": [\"Sku\"]}}]"}}, {"model": "admin.logentry", "pk": 36, "fields": {"action_time": "2021-04-05T18:25:32.099Z", "user": 1, "content_type": 14, "object_id": "10", "object_repr": "Wusthof Gourmet Slotted Spatula", "action_flag": 2, "change_message": "[{\"changed\": {\"fields\": [\"Sku\"]}}]"}}, {"model": "admin.logentry", "pk": 37, "fields": {"action_time": "2021-04-05T18:25:40.134Z", "user": 1, "content_type": 14, "object_id": "8", "object_repr": "homgeek Professional Kitchen Knife Set with Wooden Block", "action_flag": 2, "change_message": "[{\"changed\": {\"fields\": [\"Sku\"]}}]"}}, {"model": "admin.logentry", "pk": 38, "fields": {"action_time": "2021-04-05T18:25:43.891Z", "user": 1, "content_type": 14, "object_id": "11", "object_repr": "Mason Cash 5 Piece Bamboo Kitchen Utensil Set", "action_flag": 2, "change_message": "[]"}}, {"model": "admin.logentry", "pk": 39, "fields": {"action_time": "2021-04-05T18:29:14.941Z", "user": 1, "content_type": 14, "object_id": "12", "object_repr": "Eco 3 Piece Non-Stick Saucepan Set", "action_flag": 1, "change_message": "[{\"added\": {}}]"}}, {"model": "admin.logentry", "pk": 40, "fields": {"action_time": "2021-04-05T18:38:36.367Z", "user": 1, "content_type": 14, "object_id": "13", "object_repr": "Masterclass Bakeware Vitreous Enamel Baking Tray", "action_flag": 1, "change_message": "[{\"added\": {}}]"}}, {"model": "admin.logentry", "pk": 41, "fields": {"action_time": "2021-04-05T18:45:28.918Z", "user": 1, "content_type": 14, "object_id": "14", "object_repr": "Non-Stick Flexible Muffin Pan", "action_flag": 1, "change_message": "[{\"added\": {}}]"}}, {"model": "admin.logentry", "pk": 42, "fields": {"action_time": "2021-04-05T18:52:08.465Z", "user": 1, "content_type": 14, "object_id": "15", "object_repr": "Kingston Cutlery Set", "action_flag": 1, "change_message": "[{\"added\": {}}]"}}, {"model": "admin.logentry", "pk": 43, "fields": {"action_time": "2021-04-09T16:17:53.594Z", "user": 1, "content_type": 14, "object_id": "16", "object_repr": "Messy chef Kitchen Apron", "action_flag": 1, "change_message": "[{\"added\": {}}]"}}, {"model": "admin.logentry", "pk": 44, "fields": {"action_time": "2021-04-13T15:39:59.070Z", "user": 1, "content_type": 15, "object_id": "1", "object_repr": "20B1EE36E6244F5A811E919C7B6B74FF", "action_flag": 2, "change_message": "[{\"changed\": {\"name\": \"order line item\", \"object\": \"SKU cf202100002 on order 20B1EE36E6244F5A811E919C7B6B74FF\", \"fields\": [\"Quantity\"]}}]"}}, {"model": "admin.logentry", "pk": 45, "fields": {"action_time": "2021-04-13T15:40:59.925Z", "user": 1, "content_type": 15, "object_id": "1", "object_repr": "20B1EE36E6244F5A811E919C7B6B74FF", "action_flag": 3, "change_message": ""}}, {"model": "admin.logentry", "pk": 46, "fields": {"action_time": "2021-04-13T15:48:38.112Z", "user": 1, "content_type": 15, "object_id": "1", "object_repr": "10B7A64B0093437DBE9B98DE7AC5B5FD", "action_flag": 2, "change_message": "[{\"changed\": {\"name\": \"order line item\", \"object\": \"SKU cf202100008 on order 10B7A64B0093437DBE9B98DE7AC5B5FD\", \"fields\": [\"Quantity\"]}}]"}}, {"model": "admin.logentry", "pk": 47, "fields": {"action_time": "2021-04-13T15:48:55.212Z", "user": 1, "content_type": 15, "object_id": "1", "object_repr": "10B7A64B0093437DBE9B98DE7AC5B5FD", "action_flag": 2, "change_message": "[{\"changed\": {\"name\": \"order line item\", \"object\": \"SKU cf202100008 on order 10B7A64B0093437DBE9B98DE7AC5B5FD\", \"fields\": [\"Quantity\"]}}]"}}, {"model": "admin.logentry", "pk": 48, "fields": {"action_time": "2021-04-13T15:49:56.265Z", "user": 1, "content_type": 15, "object_id": "1", "object_repr": "10B7A64B0093437DBE9B98DE7AC5B5FD", "action_flag": 2, "change_message": "[{\"changed\": {\"name\": \"order line item\", \"object\": \"SKU cf202100007 on order 10B7A64B0093437DBE9B98DE7AC5B5FD\", \"fields\": [\"Product\", \"Quantity\"]}}]"}}, {"model": "admin.logentry", "pk": 49, "fields": {"action_time": "2021-04-13T15:50:13.113Z", "user": 1, "content_type": 15, "object_id": "1", "object_repr": "10B7A64B0093437DBE9B98DE7AC5B5FD", "action_flag": 2, "change_message": "[{\"deleted\": {\"name\": \"order line item\", \"object\": \"SKU cf202100007 on order 10B7A64B0093437DBE9B98DE7AC5B5FD\"}}]"}}, {"model": "admin.logentry", "pk": 50, "fields": {"action_time": "2021-04-13T15:50:29.828Z", "user": 1, "content_type": 15, "object_id": "1", "object_repr": "10B7A64B0093437DBE9B98DE7AC5B5FD", "action_flag": 3, "change_message": ""}}, {"model": "admin.logentry", "pk": 51, "fields": {"action_time": "2021-04-16T08:41:34.489Z", "user": 1, "content_type": 4, "object_id": "2", "object_repr": "testytest", "action_flag": 2, "change_message": "[{\"changed\": {\"fields\": [\"First name\", \"Last name\"]}}]"}}, {"model": "admin.logentry", "pk": 52, "fields": {"action_time": "2021-04-16T16:16:01.386Z", "user": 1, "content_type": 14, "object_id": "18", "object_repr": "test2", "action_flag": 3, "change_message": ""}}, {"model": "admin.logentry", "pk": 53, "fields": {"action_time": "2021-04-16T16:16:01.409Z", "user": 1, "content_type": 14, "object_id": "17", "object_repr": "test", "action_flag": 3, "change_message": ""}}, {"model": "admin.logentry", "pk": 54, "fields": {"action_time": "2021-04-16T16:16:26.848Z", "user": 1, "content_type": 15, "object_id": "53", "object_repr": "6F86430E50EE44C29C096219E41BFC93", "action_flag": 3, "change_message": ""}}, {"model": "admin.logentry", "pk": 55, "fields": {"action_time": "2021-04-16T16:16:26.871Z", "user": 1, "content_type": 15, "object_id": "52", "object_repr": "BFFBCC9D7F3B46EFBEB2A146A2C44776", "action_flag": 3, "change_message": ""}}, {"model": "admin.logentry", "pk": 56, "fields": {"action_time": "2021-04-16T16:16:26.895Z", "user": 1, "content_type": 15, "object_id": "51", "object_repr": "FB3300D16A51457EB8C0C5671AE076C0", "action_flag": 3, "change_message": ""}}, {"model": "admin.logentry", "pk": 57, "fields": {"action_time": "2021-04-16T16:16:26.915Z", "user": 1, "content_type": 15, "object_id": "50", "object_repr": "56970B5516C741BEB7A0195CB1AC7C1F", "action_flag": 3, "change_message": ""}}, {"model": "admin.logentry", "pk": 58, "fields": {"action_time": "2021-04-16T16:16:26.935Z", "user": 1, "content_type": 15, "object_id": "49", "object_repr": "1C093B2CAFDD49C6B96B9ADBF8B3E965", "action_flag": 3, "change_message": ""}}, {"model": "admin.logentry", "pk": 59, "fields": {"action_time": "2021-04-16T16:16:26.955Z", "user": 1, "content_type": 15, "object_id": "48", "object_repr": "BA18C3DC0AED418BBD88E59C91A69D90", "action_flag": 3, "change_message": ""}}, {"model": "admin.logentry", "pk": 60, "fields": {"action_time": "2021-04-16T16:16:26.975Z", "user": 1, "content_type": 15, "object_id": "47", "object_repr": "91D7D9FD729C43A08C61BABB6C427A27", "action_flag": 3, "change_message": ""}}, {"model": "admin.logentry", "pk": 61, "fields": {"action_time": "2021-04-16T16:16:26.995Z", "user": 1, "content_type": 15, "object_id": "46", "object_repr": "8678901BB65A43959167D448178C24DF", "action_flag": 3, "change_message": ""}}, {"model": "admin.logentry", "pk": 62, "fields": {"action_time": "2021-04-16T16:16:27.015Z", "user": 1, "content_type": 15, "object_id": "45", "object_repr": "8C1AF8A8D8154DEF8DBEE9F745FE6EF7", "action_flag": 3, "change_message": ""}}, {"model": "admin.logentry", "pk": 63, "fields": {"action_time": "2021-04-16T16:16:27.034Z", "user": 1, "content_type": 15, "object_id": "44", "object_repr": "AEBFE7B598F6433294517635F8C3F195", "action_flag": 3, "change_message": ""}}, {"model": "admin.logentry", "pk": 64, "fields": {"action_time": "2021-04-16T16:16:27.054Z", "user": 1, "content_type": 15, "object_id": "43", "object_repr": "E762D549FDA146E6BC870BF2B72DD43C", "action_flag": 3, "change_message": ""}}, {"model": "admin.logentry", "pk": 65, "fields": {"action_time": "2021-04-16T16:16:27.074Z", "user": 1, "content_type": 15, "object_id": "42", "object_repr": "2469E79A337B41C2ABB01FB15AB6BFD5", "action_flag": 3, "change_message": ""}}, {"model": "admin.logentry", "pk": 66, "fields": {"action_time": "2021-04-16T16:16:27.093Z", "user": 1, "content_type": 15, "object_id": "41", "object_repr": "DC2F2361499345F48066C113ECB675D4", "action_flag": 3, "change_message": ""}}, {"model": "admin.logentry", "pk": 67, "fields": {"action_time": "2021-04-16T16:16:27.123Z", "user": 1, "content_type": 15, "object_id": "40", "object_repr": "AC888451F2C84E2EA4B4822C1E458E12", "action_flag": 3, "change_message": ""}}, {"model": "admin.logentry", "pk": 68, "fields": {"action_time": "2021-04-16T16:16:27.147Z", "user": 1, "content_type": 15, "object_id": "39", "object_repr": "955F47702CE84380AE122BA79508E860", "action_flag": 3, "change_message": ""}}, {"model": "admin.logentry", "pk": 69, "fields": {"action_time": "2021-04-16T16:16:27.168Z", "user": 1, "content_type": 15, "object_id": "38", "object_repr": "F123F126ECF042FEB4195CFF57C66C70", "action_flag": 3, "change_message": ""}}, {"model": "admin.logentry", "pk": 70, "fields": {"action_time": "2021-04-16T16:16:27.189Z", "user": 1, "content_type": 15, "object_id": "37", "object_repr": "1CA5CFCF44C64D40BD53F9048FA5D4FF", "action_flag": 3, "change_message": ""}}, {"model": "admin.logentry", "pk": 71, "fields": {"action_time": "2021-04-16T16:16:27.219Z", "user": 1, "content_type": 15, "object_id": "36", "object_repr": "915013F976AC455EB265604875831EA7", "action_flag": 3, "change_message": ""}}, {"model": "admin.logentry", "pk": 72, "fields": {"action_time": "2021-04-16T16:16:27.240Z", "user": 1, "content_type": 15, "object_id": "35", "object_repr": "050A4EFB10974878AA357D68FF95B85C", "action_flag": 3, "change_message": ""}}, {"model": "admin.logentry", "pk": 73, "fields": {"action_time": "2021-04-16T16:16:27.259Z", "user": 1, "content_type": 15, "object_id": "34", "object_repr": "000E17C8DA554AD0A0C204674318A0D3", "action_flag": 3, "change_message": ""}}, {"model": "admin.logentry", "pk": 74, "fields": {"action_time": "2021-04-16T16:16:27.280Z", "user": 1, "content_type": 15, "object_id": "33", "object_repr": "42F7A58EB1FE4F668A49DAEE522F6332", "action_flag": 3, "change_message": ""}}, {"model": "admin.logentry", "pk": 75, "fields": {"action_time": "2021-04-16T16:16:27.301Z", "user": 1, "content_type": 15, "object_id": "32", "object_repr": "EF5DA41E63A440AB83A6BE286E9B0FE6", "action_flag": 3, "change_message": ""}}, {"model": "admin.logentry", "pk": 76, "fields": {"action_time": "2021-04-16T16:16:27.332Z", "user": 1, "content_type": 15, "object_id": "31", "object_repr": "84D06094E02047F09FCBE0CB962DD0C4", "action_flag": 3, "change_message": ""}}, {"model": "admin.logentry", "pk": 77, "fields": {"action_time": "2021-04-16T16:16:27.353Z", "user": 1, "content_type": 15, "object_id": "30", "object_repr": "B1FC7921746447DB812B1510EFEA8589", "action_flag": 3, "change_message": ""}}, {"model": "admin.logentry", "pk": 78, "fields": {"action_time": "2021-04-16T16:16:27.373Z", "user": 1, "content_type": 15, "object_id": "29", "object_repr": "1D9A22C4AB0B46698A212EDE671A1416", "action_flag": 3, "change_message": ""}}, {"model": "admin.logentry", "pk": 79, "fields": {"action_time": "2021-04-16T16:16:27.403Z", "user": 1, "content_type": 15, "object_id": "28", "object_repr": "2495CD8B68D34FC6AC2F5DB05E2A04F9", "action_flag": 3, "change_message": ""}}, {"model": "admin.logentry", "pk": 80, "fields": {"action_time": "2021-04-16T16:16:27.424Z", "user": 1, "content_type": 15, "object_id": "27", "object_repr": "D44841F837B047788CC1DA2A699F45F8", "action_flag": 3, "change_message": ""}}, {"model": "admin.logentry", "pk": 81, "fields": {"action_time": "2021-04-16T16:16:27.445Z", "user": 1, "content_type": 15, "object_id": "26", "object_repr": "2ABEB5F6D7304277B26F5901DA938AED", "action_flag": 3, "change_message": ""}}, {"model": "admin.logentry", "pk": 82, "fields": {"action_time": "2021-04-16T16:16:27.467Z", "user": 1, "content_type": 15, "object_id": "25", "object_repr": "F70523CC78C644CB85C4AC7C18FF0E72", "action_flag": 3, "change_message": ""}}, {"model": "admin.logentry", "pk": 83, "fields": {"action_time": "2021-04-16T16:16:27.488Z", "user": 1, "content_type": 15, "object_id": "24", "object_repr": "6FF9F7EB5DA942D29D641C3E9777A148", "action_flag": 3, "change_message": ""}}, {"model": "admin.logentry", "pk": 84, "fields": {"action_time": "2021-04-16T16:16:27.510Z", "user": 1, "content_type": 15, "object_id": "23", "object_repr": "FD88FC02806940AAB4A61777C97C9523", "action_flag": 3, "change_message": ""}}, {"model": "admin.logentry", "pk": 85, "fields": {"action_time": "2021-04-16T16:16:27.531Z", "user": 1, "content_type": 15, "object_id": "22", "object_repr": "AC499C69C6E6488B98D7778284FCDA70", "action_flag": 3, "change_message": ""}}, {"model": "admin.logentry", "pk": 86, "fields": {"action_time": "2021-04-16T16:16:27.552Z", "user": 1, "content_type": 15, "object_id": "21", "object_repr": "3A2BC7511AC2465E8B25B87ACAF3B7DC", "action_flag": 3, "change_message": ""}}, {"model": "admin.logentry", "pk": 87, "fields": {"action_time": "2021-04-16T16:16:27.573Z", "user": 1, "content_type": 15, "object_id": "20", "object_repr": "042294F53A10440B959E1CF999FAEE7E", "action_flag": 3, "change_message": ""}}, {"model": "admin.logentry", "pk": 88, "fields": {"action_time": "2021-04-16T16:16:27.603Z", "user": 1, "content_type": 15, "object_id": "19", "object_repr": "96EAB3979C954ED2A7C7DE4D0CB9B302", "action_flag": 3, "change_message": ""}}, {"model": "admin.logentry", "pk": 89, "fields": {"action_time": "2021-04-16T16:16:27.624Z", "user": 1, "content_type": 15, "object_id": "18", "object_repr": "95C667AD1F654068A732ADDCC54B2059", "action_flag": 3, "change_message": ""}}, {"model": "admin.logentry", "pk": 90, "fields": {"action_time": "2021-04-16T16:16:27.644Z", "user": 1, "content_type": 15, "object_id": "17", "object_repr": "4B58322B648F423D9E24B818115A3666", "action_flag": 3, "change_message": ""}}, {"model": "admin.logentry", "pk": 91, "fields": {"action_time": "2021-04-16T16:16:27.664Z", "user": 1, "content_type": 15, "object_id": "16", "object_repr": "93E4CC22710549D182A10D64C121DCBD", "action_flag": 3, "change_message": ""}}, {"model": "admin.logentry", "pk": 92, "fields": {"action_time": "2021-04-16T16:16:27.685Z", "user": 1, "content_type": 15, "object_id": "15", "object_repr": "7C919B7A11524B28AF9248D3D1C23A61", "action_flag": 3, "change_message": ""}}, {"model": "admin.logentry", "pk": 93, "fields": {"action_time": "2021-04-16T16:16:27.715Z", "user": 1, "content_type": 15, "object_id": "14", "object_repr": "811D3142850F4830AE2280D7C3EABA3C", "action_flag": 3, "change_message": ""}}, {"model": "admin.logentry", "pk": 94, "fields": {"action_time": "2021-04-16T16:16:27.740Z", "user": 1, "content_type": 15, "object_id": "13", "object_repr": "C0EFB2BEB390464CBA53C16609B19D65", "action_flag": 3, "change_message": ""}}, {"model": "admin.logentry", "pk": 95, "fields": {"action_time": "2021-04-16T16:16:27.760Z", "user": 1, "content_type": 15, "object_id": "12", "object_repr": "3841F7CE66AD41E0AF28EB8157EDE62C", "action_flag": 3, "change_message": ""}}, {"model": "admin.logentry", "pk": 96, "fields": {"action_time": "2021-04-16T16:16:27.781Z", "user": 1, "content_type": 15, "object_id": "11", "object_repr": "2ABC0580B40D4538848EE9E795E67657", "action_flag": 3, "change_message": ""}}, {"model": "admin.logentry", "pk": 97, "fields": {"action_time": "2021-04-16T16:16:27.811Z", "user": 1, "content_type": 15, "object_id": "10", "object_repr": "9D0139FE64CF4F8388801B6BBF37C520", "action_flag": 3, "change_message": ""}}, {"model": "admin.logentry", "pk": 98, "fields": {"action_time": "2021-04-16T16:16:27.832Z", "user": 1, "content_type": 15, "object_id": "9", "object_repr": "7FB028ED0CBE4B0BB42B9B719F9032FE", "action_flag": 3, "change_message": ""}}, {"model": "admin.logentry", "pk": 99, "fields": {"action_time": "2021-04-16T16:16:27.852Z", "user": 1, "content_type": 15, "object_id": "8", "object_repr": "AB950EDC9725421483475119137F3884", "action_flag": 3, "change_message": ""}}, {"model": "admin.logentry", "pk": 100, "fields": {"action_time": "2021-04-16T16:16:27.873Z", "user": 1, "content_type": 15, "object_id": "7", "object_repr": "5B01BC2263514589AE3F7F655303C381", "action_flag": 3, "change_message": ""}}, {"model": "admin.logentry", "pk": 101, "fields": {"action_time": "2021-04-16T16:16:27.904Z", "user": 1, "content_type": 15, "object_id": "6", "object_repr": "D5819430B3A54A89AAF7FFCAF4D78654", "action_flag": 3, "change_message": ""}}, {"model": "admin.logentry", "pk": 102, "fields": {"action_time": "2021-04-16T16:16:27.925Z", "user": 1, "content_type": 15, "object_id": "5", "object_repr": "F3FC433B1C954096A47A21DAE83E1E36", "action_flag": 3, "change_message": ""}}, {"model": "admin.logentry", "pk": 103, "fields": {"action_time": "2021-04-16T16:16:27.945Z", "user": 1, "content_type": 15, "object_id": "4", "object_repr": "130620E5680948BFB3FDF3D918F0F5E1", "action_flag": 3, "change_message": ""}}, {"model": "admin.logentry", "pk": 104, "fields": {"action_time": "2021-04-16T16:16:27.975Z", "user": 1, "content_type": 15, "object_id": "3", "object_repr": "AFC9A2B19E834D23A751663D11BF4E5C", "action_flag": 3, "change_message": ""}}, {"model": "admin.logentry", "pk": 105, "fields": {"action_time": "2021-04-16T16:16:27.996Z", "user": 1, "content_type": 15, "object_id": "2", "object_repr": "20D64B9AD6C54C3A90E855C16FF94912", "action_flag": 3, "change_message": ""}}, {"model": "admin.logentry", "pk": 106, "fields": {"action_time": "2021-04-17T08:20:33.889Z", "user": 1, "content_type": 14, "object_id": "2", "object_repr": "Rectangular Wooden Chopping Board", "action_flag": 2, "change_message": "[{\"changed\": {\"fields\": [\"Image url\"]}}]"}}, {"model": "admin.logentry", "pk": 107, "fields": {"action_time": "2021-04-17T08:20:40.837Z", "user": 1, "content_type": 14, "object_id": "2", "object_repr": "Rectangular Wooden Chopping Board", "action_flag": 2, "change_message": "[]"}}, {"model": "admin.logentry", "pk": 108, "fields": {"action_time": "2021-04-17T08:21:00.627Z", "user": 1, "content_type": 14, "object_id": "3", "object_repr": "Luxury End Grain Multi-wood Chopping Board", "action_flag": 2, "change_message": "[{\"changed\": {\"fields\": [\"Image url\"]}}]"}}, {"model": "admin.logentry", "pk": 109, "fields": {"action_time": "2021-04-17T08:21:18.056Z", "user": 1, "content_type": 14, "object_id": "4", "object_repr": "Round Wooden Chopping Board", "action_flag": 2, "change_message": "[{\"changed\": {\"fields\": [\"Image url\"]}}]"}}, {"model": "admin.logentry", "pk": 110, "fields": {"action_time": "2021-04-17T08:21:32.574Z", "user": 1, "content_type": 14, "object_id": "5", "object_repr": "Kombi Bamboo and Plastic Chopping Board", "action_flag": 2, "change_message": "[{\"changed\": {\"fields\": [\"Image url\"]}}]"}}, {"model": "admin.logentry", "pk": 111, "fields": {"action_time": "2021-04-17T08:21:47.095Z", "user": 1, "content_type": 14, "object_id": "6", "object_repr": "Plastic Chopping Board 18x12 Inch White", "action_flag": 2, "change_message": "[{\"changed\": {\"fields\": [\"Image url\"]}}]"}}, {"model": "admin.logentry", "pk": 112, "fields": {"action_time": "2021-04-17T08:21:58.835Z", "user": 1, "content_type": 14, "object_id": "7", "object_repr": "Victorinox Fibrox Chef Knife 12.5cm", "action_flag": 2, "change_message": "[{\"changed\": {\"fields\": [\"Image url\"]}}]"}}, {"model": "admin.logentry", "pk": 113, "fields": {"action_time": "2021-04-17T08:22:43.626Z", "user": 1, "content_type": 14, "object_id": "8", "object_repr": "homgeek Professional Kitchen Knife Set with Wooden Block", "action_flag": 2, "change_message": "[{\"changed\": {\"fields\": [\"Image url\"]}}]"}}, {"model": "admin.logentry", "pk": 114, "fields": {"action_time": "2021-04-17T08:23:06.120Z", "user": 1, "content_type": 14, "object_id": "9", "object_repr": "My Kitchen Silicone-Coated Cooking Spatula", "action_flag": 2, "change_message": "[{\"changed\": {\"fields\": [\"Image url\"]}}]"}}, {"model": "admin.logentry", "pk": 115, "fields": {"action_time": "2021-04-17T08:23:27.467Z", "user": 1, "content_type": 14, "object_id": "10", "object_repr": "Wusthof Gourmet Slotted Spatula", "action_flag": 2, "change_message": "[{\"changed\": {\"fields\": [\"Image url\"]}}]"}}, {"model": "admin.logentry", "pk": 116, "fields": {"action_time": "2021-04-17T08:23:41.475Z", "user": 1, "content_type": 14, "object_id": "11", "object_repr": "Mason Cash 5 Piece Bamboo Kitchen Utensil Set", "action_flag": 2, "change_message": "[{\"changed\": {\"fields\": [\"Image url\"]}}]"}}, {"model": "admin.logentry", "pk": 117, "fields": {"action_time": "2021-04-17T08:23:59.966Z", "user": 1, "content_type": 14, "object_id": "12", "object_repr": "Eco 3 Piece Non-Stick Saucepan Set", "action_flag": 2, "change_message": "[{\"changed\": {\"fields\": [\"Image url\"]}}]"}}, {"model": "admin.logentry", "pk": 118, "fields": {"action_time": "2021-04-17T08:24:13.344Z", "user": 1, "content_type": 14, "object_id": "13", "object_repr": "Masterclass Bakeware Vitreous Enamel Baking Tray", "action_flag": 2, "change_message": "[{\"changed\": {\"fields\": [\"Image url\"]}}]"}}, {"model": "admin.logentry", "pk": 119, "fields": {"action_time": "2021-04-17T08:24:26.738Z", "user": 1, "content_type": 14, "object_id": "14", "object_repr": "Non-Stick Flexible Muffin Pan", "action_flag": 2, "change_message": "[{\"changed\": {\"fields\": [\"Image url\"]}}]"}}, {"model": "admin.logentry", "pk": 120, "fields": {"action_time": "2021-04-17T08:24:37.938Z", "user": 1, "content_type": 14, "object_id": "15", "object_repr": "Kingston Cutlery Set", "action_flag": 2, "change_message": "[{\"changed\": {\"fields\": [\"Image url\"]}}]"}}, {"model": "admin.logentry", "pk": 121, "fields": {"action_time": "2021-04-17T08:24:47.488Z", "user": 1, "content_type": 14, "object_id": "16", "object_repr": "Messy chef Kitchen Apron", "action_flag": 2, "change_message": "[{\"changed\": {\"fields\": [\"Image url\"]}}]"}}, {"model": "admin.logentry", "pk": 122, "fields": {"action_time": "2021-04-17T08:27:49.264Z", "user": 1, "content_type": 14, "object_id": "2", "object_repr": "Rectangular Wooden Chopping Board", "action_flag": 2, "change_message": "[]"}}, {"model": "admin.logentry", "pk": 123, "fields": {"action_time": "2021-04-19T11:40:50.772Z", "user": 1, "content_type": 18, "object_id": "1", "object_repr": "My first ever blog", "action_flag": 1, "change_message": "[{\"added\": {}}]"}}, {"model": "admin.logentry", "pk": 124, "fields": {"action_time": "2021-04-19T15:12:03.807Z", "user": 1, "content_type": 18, "object_id": "1", "object_repr": "My first ever blog", "action_flag": 2, "change_message": "[{\"changed\": {\"fields\": [\"Image url\"]}}]"}}, {"model": "admin.logentry", "pk": 125, "fields": {"action_time": "2021-04-19T16:05:04.880Z", "user": 1, "content_type": 18, "object_id": "2", "object_repr": "another blog for testing", "action_flag": 1, "change_message": "[{\"added\": {}}]"}}, {"model": "admin.logentry", "pk": 126, "fields": {"action_time": "2021-04-21T15:02:14.045Z", "user": 1, "content_type": 19, "object_id": "1", "object_repr": "Best ever chopping board", "action_flag": 1, "change_message": "[{\"added\": {}}]"}}, {"model": "admin.logentry", "pk": 127, "fields": {"action_time": "2021-04-22T09:57:38.861Z", "user": 1, "content_type": 19, "object_id": "2", "object_repr": "Don't buy this chopping board", "action_flag": 1, "change_message": "[{\"added\": {}}]"}}, {"model": "admin.logentry", "pk": 128, "fields": {"action_time": "2021-04-22T10:26:50.948Z", "user": 1, "content_type": 19, "object_id": "3", "object_repr": "I love circle chopping boards", "action_flag": 1, "change_message": "[{\"added\": {}}]"}}, {"model": "admin.logentry", "pk": 129, "fields": {"action_time": "2021-04-22T10:35:51.752Z", "user": 1, "content_type": 14, "object_id": "23", "object_repr": "test1", "action_flag": 1, "change_message": "[{\"added\": {}}]"}}, {"model": "admin.logentry", "pk": 130, "fields": {"action_time": "2021-04-22T10:36:10.089Z", "user": 1, "content_type": 14, "object_id": "24", "object_repr": "test2", "action_flag": 1, "change_message": "[{\"added\": {}}]"}}, {"model": "admin.logentry", "pk": 131, "fields": {"action_time": "2021-04-22T10:36:22.180Z", "user": 1, "content_type": 14, "object_id": "25", "object_repr": "test3", "action_flag": 1, "change_message": "[{\"added\": {}}]"}}, {"model": "admin.logentry", "pk": 132, "fields": {"action_time": "2021-04-22T10:36:35.615Z", "user": 1, "content_type": 14, "object_id": "26", "object_repr": "test4", "action_flag": 1, "change_message": "[{\"added\": {}}]"}}, {"model": "admin.logentry", "pk": 133, "fields": {"action_time": "2021-04-22T10:36:48.046Z", "user": 1, "content_type": 14, "object_id": "27", "object_repr": "test 5", "action_flag": 1, "change_message": "[{\"added\": {}}]"}}, {"model": "admin.logentry", "pk": 134, "fields": {"action_time": "2021-04-22T10:37:08.554Z", "user": 1, "content_type": 14, "object_id": "28", "object_repr": "test6", "action_flag": 1, "change_message": "[{\"added\": {}}]"}}, {"model": "admin.logentry", "pk": 135, "fields": {"action_time": "2021-04-22T10:37:32.524Z", "user": 1, "content_type": 14, "object_id": "27", "object_repr": "test 5", "action_flag": 2, "change_message": "[{\"changed\": {\"fields\": [\"Category\"]}}]"}}, {"model": "admin.logentry", "pk": 136, "fields": {"action_time": "2021-04-22T10:37:40.275Z", "user": 1, "content_type": 14, "object_id": "26", "object_repr": "test4", "action_flag": 2, "change_message": "[{\"changed\": {\"fields\": [\"Category\"]}}]"}}, {"model": "admin.logentry", "pk": 137, "fields": {"action_time": "2021-04-22T10:37:51.122Z", "user": 1, "content_type": 14, "object_id": "25", "object_repr": "test3", "action_flag": 2, "change_message": "[{\"changed\": {\"fields\": [\"Category\"]}}]"}}, {"model": "admin.logentry", "pk": 138, "fields": {"action_time": "2021-04-22T10:37:57.835Z", "user": 1, "content_type": 14, "object_id": "24", "object_repr": "test2", "action_flag": 2, "change_message": "[{\"changed\": {\"fields\": [\"Category\"]}}]"}}, {"model": "admin.logentry", "pk": 139, "fields": {"action_time": "2021-04-22T10:38:20.129Z", "user": 1, "content_type": 14, "object_id": "29", "object_repr": "test7", "action_flag": 1, "change_message": "[{\"added\": {}}]"}}, {"model": "admin.logentry", "pk": 140, "fields": {"action_time": "2021-04-22T10:41:36.656Z", "user": 1, "content_type": 14, "object_id": "23", "object_repr": "test1", "action_flag": 2, "change_message": "[]"}}, {"model": "admin.logentry", "pk": 141, "fields": {"action_time": "2021-04-22T10:42:19.391Z", "user": 1, "content_type": 14, "object_id": "23", "object_repr": "test1", "action_flag": 2, "change_message": "[]"}}, {"model": "admin.logentry", "pk": 142, "fields": {"action_time": "2021-04-22T10:42:24.535Z", "user": 1, "content_type": 14, "object_id": "24", "object_repr": "test2", "action_flag": 2, "change_message": "[]"}}, {"model": "admin.logentry", "pk": 143, "fields": {"action_time": "2021-04-22T10:42:29.837Z", "user": 1, "content_type": 14, "object_id": "25", "object_repr": "test3", "action_flag": 2, "change_message": "[]"}}, {"model": "admin.logentry", "pk": 144, "fields": {"action_time": "2021-04-22T10:42:46.421Z", "user": 1, "content_type": 14, "object_id": "29", "object_repr": "test7", "action_flag": 3, "change_message": ""}}, {"model": "admin.logentry", "pk": 145, "fields": {"action_time": "2021-04-22T10:42:46.451Z", "user": 1, "content_type": 14, "object_id": "28", "object_repr": "test6", "action_flag": 3, "change_message": ""}}, {"model": "admin.logentry", "pk": 146, "fields": {"action_time": "2021-04-22T10:42:46.485Z", "user": 1, "content_type": 14, "object_id": "27", "object_repr": "test 5", "action_flag": 3, "change_message": ""}}, {"model": "admin.logentry", "pk": 147, "fields": {"action_time": "2021-04-22T10:42:46.508Z", "user": 1, "content_type": 14, "object_id": "26", "object_repr": "test4", "action_flag": 3, "change_message": ""}}, {"model": "admin.logentry", "pk": 148, "fields": {"action_time": "2021-04-22T10:42:46.533Z", "user": 1, "content_type": 14, "object_id": "25", "object_repr": "test3", "action_flag": 3, "change_message": ""}}, {"model": "admin.logentry", "pk": 149, "fields": {"action_time": "2021-04-22T10:42:46.555Z", "user": 1, "content_type": 14, "object_id": "24", "object_repr": "test2", "action_flag": 3, "change_message": ""}}, {"model": "admin.logentry", "pk": 150, "fields": {"action_time": "2021-04-22T10:42:46.579Z", "user": 1, "content_type": 14, "object_id": "23", "object_repr": "test1", "action_flag": 3, "change_message": ""}}, {"model": "admin.logentry", "pk": 151, "fields": {"action_time": "2021-04-22T10:44:17.125Z", "user": 1, "content_type": 14, "object_id": "30", "object_repr": "test 1", "action_flag": 1, "change_message": "[{\"added\": {}}]"}}, {"model": "admin.logentry", "pk": 152, "fields": {"action_time": "2021-04-22T10:46:27.964Z", "user": 1, "content_type": 14, "object_id": "30", "object_repr": "test 1", "action_flag": 3, "change_message": ""}}, {"model": "admin.logentry", "pk": 153, "fields": {"action_time": "2021-04-22T10:47:06.937Z", "user": 1, "content_type": 14, "object_id": "31", "object_repr": "test 1", "action_flag": 1, "change_message": "[{\"added\": {}}]"}}, {"model": "admin.logentry", "pk": 154, "fields": {"action_time": "2021-04-22T10:47:59.092Z", "user": 1, "content_type": 14, "object_id": "31", "object_repr": "test 1", "action_flag": 3, "change_message": ""}}, {"model": "admin.logentry", "pk": 155, "fields": {"action_time": "2021-04-22T10:48:28.710Z", "user": 1, "content_type": 14, "object_id": "32", "object_repr": "new knives", "action_flag": 1, "change_message": "[{\"added\": {}}]"}}, {"model": "admin.logentry", "pk": 156, "fields": {"action_time": "2021-04-22T11:46:59.201Z", "user": 1, "content_type": 14, "object_id": "32", "object_repr": "new knives", "action_flag": 3, "change_message": ""}}, {"model": "admin.logentry", "pk": 157, "fields": {"action_time": "2021-04-22T11:48:43.721Z", "user": 1, "content_type": 14, "object_id": "35", "object_repr": "admin add test", "action_flag": 1, "change_message": "[{\"added\": {}}]"}}, {"model": "admin.logentry", "pk": 158, "fields": {"action_time": "2021-04-22T11:57:31.104Z", "user": 1, "content_type": 14, "object_id": "34", "object_repr": "new test", "action_flag": 3, "change_message": ""}}, {"model": "admin.logentry", "pk": 159, "fields": {"action_time": "2021-04-22T12:49:28.708Z", "user": 1, "content_type": 14, "object_id": "38", "object_repr": "test3", "action_flag": 1, "change_message": "[{\"added\": {}}]"}}, {"model": "admin.logentry", "pk": 160, "fields": {"action_time": "2021-04-22T19:30:12.893Z", "user": 1, "content_type": 18, "object_id": "8", "object_repr": "test2", "action_flag": 3, "change_message": ""}}, {"model": "admin.logentry", "pk": 161, "fields": {"action_time": "2021-04-22T19:30:12.934Z", "user": 1, "content_type": 18, "object_id": "7", "object_repr": "test1", "action_flag": 3, "change_message": ""}}, {"model": "admin.logentry", "pk": 162, "fields": {"action_time": "2021-04-22T19:30:12.955Z", "user": 1, "content_type": 18, "object_id": "6", "object_repr": "test-blog 4", "action_flag": 3, "change_message": ""}}, {"model": "admin.logentry", "pk": 163, "fields": {"action_time": "2021-04-22T19:30:12.982Z", "user": 1, "content_type": 18, "object_id": "5", "object_repr": "test blog 3", "action_flag": 3, "change_message": ""}}, {"model": "admin.logentry", "pk": 164, "fields": {"action_time": "2021-04-22T19:30:13.002Z", "user": 1, "content_type": 18, "object_id": "4", "object_repr": "test blog1", "action_flag": 3, "change_message": ""}}, {"model": "admin.logentry", "pk": 165, "fields": {"action_time": "2021-04-22T19:30:13.020Z", "user": 1, "content_type": 18, "object_id": "3", "object_repr": "test blog", "action_flag": 3, "change_message": ""}}, {"model": "admin.logentry", "pk": 166, "fields": {"action_time": "2021-04-26T09:54:58.328Z", "user": 1, "content_type": 15, "object_id": "56", "object_repr": "B843E59999D34FD7979C02C9D5A7058E", "action_flag": 3, "change_message": ""}}, {"model": "admin.logentry", "pk": 167, "fields": {"action_time": "2021-04-26T09:54:58.358Z", "user": 1, "content_type": 15, "object_id": "55", "object_repr": "203F07966D8B4C1CAE28E03C6ADE7CB4", "action_flag": 3, "change_message": ""}}, {"model": "admin.logentry", "pk": 168, "fields": {"action_time": "2021-04-26T09:54:58.381Z", "user": 1, "content_type": 15, "object_id": "54", "object_repr": "74865281A5D84F97AFFB356E1DD99855", "action_flag": 3, "change_message": ""}}, {"model": "admin.logentry", "pk": 169, "fields": {"action_time": "2021-04-26T09:55:23.084Z", "user": 1, "content_type": 14, "object_id": "44", "object_repr": "test9", "action_flag": 3, "change_message": ""}}, {"model": "admin.logentry", "pk": 170, "fields": {"action_time": "2021-04-26T09:55:23.152Z", "user": 1, "content_type": 14, "object_id": "43", "object_repr": "test8", "action_flag": 3, "change_message": ""}}, {"model": "admin.logentry", "pk": 171, "fields": {"action_time": "2021-04-26T09:55:23.219Z", "user": 1, "content_type": 14, "object_id": "42", "object_repr": "test7", "action_flag": 3, "change_message": ""}}, {"model": "admin.logentry", "pk": 172, "fields": {"action_time": "2021-04-26T09:55:23.262Z", "user": 1, "content_type": 14, "object_id": "41", "object_repr": "test6", "action_flag": 3, "change_message": ""}}, {"model": "admin.logentry", "pk": 173, "fields": {"action_time": "2021-04-26T09:55:23.302Z", "user": 1, "content_type": 14, "object_id": "40", "object_repr": "test5", "action_flag": 3, "change_message": ""}}, {"model": "admin.logentry", "pk": 174, "fields": {"action_time": "2021-04-26T09:55:23.344Z", "user": 1, "content_type": 14, "object_id": "39", "object_repr": "test4", "action_flag": 3, "change_message": ""}}, {"model": "admin.logentry", "pk": 175, "fields": {"action_time": "2021-04-26T09:55:23.406Z", "user": 1, "content_type": 14, "object_id": "38", "object_repr": "test3", "action_flag": 3, "change_message": ""}}, {"model": "admin.logentry", "pk": 176, "fields": {"action_time": "2021-04-26T09:55:23.444Z", "user": 1, "content_type": 14, "object_id": "37", "object_repr": "test2", "action_flag": 3, "change_message": ""}}, {"model": "admin.logentry", "pk": 177, "fields": {"action_time": "2021-04-26T09:55:23.507Z", "user": 1, "content_type": 14, "object_id": "36", "object_repr": "test", "action_flag": 3, "change_message": ""}}, {"model": "admin.logentry", "pk": 178, "fields": {"action_time": "2021-04-26T09:55:23.551Z", "user": 1, "content_type": 14, "object_id": "46", "object_repr": "tester2", "action_flag": 3, "change_message": ""}}, {"model": "admin.logentry", "pk": 179, "fields": {"action_time": "2021-04-26T09:55:23.592Z", "user": 1, "content_type": 14, "object_id": "45", "object_repr": "tester", "action_flag": 3, "change_message": ""}}, {"model": "admin.logentry", "pk": 180, "fields": {"action_time": "2021-04-26T09:55:23.655Z", "user": 1, "content_type": 14, "object_id": "47", "object_repr": "add review has broken adding a product", "action_flag": 3, "change_message": ""}}, {"model": "auth.user", "pk": 1, "fields": {"password": "pbkdf2_sha256$216000$5ITI0brdaBa5$CImAOjRd5VwqqQkAJl+sxux6H+TZ/hL9de9C6kmHk3Y=", "last_login": "2021-04-22T11:51:23.926Z", "is_superuser": true, "username": "Greg2021", "first_name": "", "last_name": "", "email": "greg-lewis@hotmail.co.uk", "is_staff": true, "is_active": true, "date_joined": "2021-03-28T14:19:48.165Z", "groups": [], "user_permissions": []}}, {"model": "auth.user", "pk": 2, "fields": {"password": "pbkdf2_sha256$216000$ofKYBJnC9Yc5$C5VR9R8jHw591YvVsWlsootDMqhSYszt0DScNX/USr4=", "last_login": "2021-04-17T13:36:59.439Z", "is_superuser": false, "username": "testytest", "first_name": "testy", "last_name": "test", "email": "test@test.com", "is_staff": false, "is_active": true, "date_joined": "2021-04-15T11:24:26Z", "groups": [], "user_permissions": []}}, {"model": "sessions.session", "pk": "1ntl5ipfl38xn0xvyqotn4xxychfi1b8", "fields": {"session_data": "eyJiYXNrZXQiOnsiMTYiOjEsIjIiOjF9fQ:1lUuKg:r7BeIXBPxOBpsX9QuKO3dfI_oA2i_gHh4r6thZg-YFg", "expire_date": "2021-04-23T16:50:10.461Z"}}, {"model": "sessions.session", "pk": "7alkkc6sg8bsjjhs2f04awkv0vrng0vi", "fields": {"session_data": "eyJiYXNrZXQiOnsiMiI6Mn19:1lWJmg:pIvQaoSkm8Jd_0BWGQREt19cKa2moOWCgC-FdEpJYy4", "expire_date": "2021-04-27T14:12:54.165Z"}}, {"model": "sessions.session", "pk": "8maaacn5x6ijt7xb62v3d634x7ztx5jz", "fields": {"session_data": ".eJyrVkpKLM5OLVGyqlYyNFKyMtRRMjQDcTJLUnOL45Mq44szq1JBArlgyYocIFULBAD3ERHL:1lVbpG:QM7Aaq_354Np3d40bpY6PW2FthU3IYaWlYsluEPNsuc", "expire_date": "2021-04-25T15:16:38.394Z"}}, {"model": "sessions.session", "pk": "8z4vg4cpienqza7tbs6fab9fvnq84c3j", "fields": {"session_data": ".eJxVjMsOwiAQRf-FtSFAS5m6dO83kBmYkaqBpI-V8d-1SRe6veec-1IRt7XEbeE5TlmdlVWn340wPbjuIN-x3ppOra7zRHpX9EEXfW2Zn5fD_TsouJRvPULykD0kctyTISdEI3fWIQEE3xEJCJsQcBQrkgH6fvDG-CRMdujU-wP9_Thz:1lZYBj:Apl3dtVjZbQLX8XloIi2LOj9O__A0fXwXBLpnYen7wg", "expire_date": "2021-05-06T12:12:07.978Z"}}, {"model": "sessions.session", "pk": "bq6v6sc1w04drpi8z8e9lmucps0qtk69", "fields": {"session_data": ".eJxVjEEOgyAQRe_C2hBQ0dFl9z0DYWCmWhtIBLsx3r01cdFu_3v_7cK6rUx2y7TaOYhRaFH9buj8QvEE4eniI0mfYllnlKciL5rlPQV63S73LzC5PH3fA3gDwYDHmlpUWDPiQI2uHQL0pkFkYFJ97wbWzAGgbTujlPFMqLvmG83uTXaOnMRY1o0qgS4vVMS4H8cH9kFCsw:1laxxb:o-tJJ1QKOwwHaa7ybZm8AwwhwCnU6iauUNFgUuk_fBA", "expire_date": "2021-05-10T09:55:23.896Z"}}, {"model": "sessions.session", "pk": "c8d41weg471c1kvl66p6b7qc15h2auet", "fields": {"session_data": ".eJxVjL0OgzAQg9_lZhTlh8AlY_c-A8oll0JbgURgQrx7oWJhsuzP9gYUyocX8Bto8KoCB95UoJq_UfKQvYIurEvfrYXnbkjgQcEtoxA_PJ4gvcP4mkScxmUeSJwVcdEinlPi7-Pq3g76UPpj7TBaTBYjaa5Jks5Ejo3SgRBba4gyZpZtG1xWOSfEum6slDZmJtUY2H9zrkEE:1lUuDS:-izbyQVputiw0Vswl_9s9aZveIp2QqUBYkb5xUy8Tmk", "expire_date": "2021-04-23T16:42:42.580Z"}}, {"model": "sessions.session", "pk": "fhyfzg87wvp3ln21z56ag4c5d93eiwhp", "fields": {"session_data": ".eJyrVkpKLM5OLVGyqlYyNAORmSWpucXxSZXxxZlVqSCBYiUrQx2lHCBZW6ujZGgE5hqBuQBuSxJm:1lVbwe:2GpB-luGqfDYMc4MHuRq1ehU5b5n7CoIyyheb1x1jMk", "expire_date": "2021-04-25T15:24:16.053Z"}}, {"model": "sessions.session", "pk": "gddtux6k4rkvn4ky36jndrbhtlt0th98", "fields": {"session_data": "eyJiYXNrZXQiOnsiMiI6MSwiMTYiOnsiaXRlbXNfYnlfc2l6ZSI6eyJtIjoxLCJ4bCI6Mn19LCI5IjoxfX0:1lVsUH:0BVZeYzt7L3Xm8CvF5KoRvZ24j0rNITa7ntbJrjg4F4", "expire_date": "2021-04-26T09:04:05.712Z"}}, {"model": "sessions.session", "pk": "jg2x1lrub1tuslk04enrusiwv3da0m48", "fields": {"session_data": "eyJzYXZlX2luZm8iOmZhbHNlLCJiYXNrZXQiOnsiNCI6MX19:1lX02G:Qn7XcPnMelJhHHtPQ127Cu43pw5jTdA3yPEvOYEzEX4", "expire_date": "2021-04-29T11:19:48.412Z"}}, {"model": "sessions.session", "pk": "m6waa414px4t7pjhe1y108qpoou50t9j", "fields": {"session_data": "eyJiYXNrZXQiOnsiNCI6MSwiMTYiOnsiaXRlbXNfYnlfc2l6ZSI6eyJtIjoyfX19fQ:1lVdQ7:Ko2Vm9l8jytCqyuUWrTEzPsswBtXcOU3ZdEMyPsRNTw", "expire_date": "2021-04-25T16:58:47.185Z"}}, {"model": "sessions.session", "pk": "rto3ctufygwniqzcsmb6mqjbs9kcna11", "fields": {"session_data": "eyJiYXNrZXQiOnsiMTIiOjIsIjE2Ijp7Iml0ZW1zX2J5X3NpemUiOnsibSI6MX19fX0:1lWIqu:BNDExwPuzVfLayh8RpbdSuyxY5wAJ1TVHJKedA_Pu1Y", "expire_date": "2021-04-27T13:13:12.323Z"}}, {"model": "sessions.session", "pk": "sdgue6i6f1s2d9q1qix97s20l3bedxdv", "fields": {"session_data": "eyJiYXNrZXQiOnsiMiI6MiwiNyI6MSwiOSI6M319:1lUZ6D:dbX5KfB1T9a-OyQ5rAGCldl6k7CCMjoe_Rs_90JrZJI", "expire_date": "2021-04-22T18:09:49.803Z"}}, {"model": "sessions.session", "pk": "wjy12qfscl2s859md5uqo349jnvvulmf", "fields": {"session_data": "eyJiYXNrZXQiOnsiMTYiOnsiaXRlbXNfYnlfc2l6ZSI6eyJtIjoxfX19fQ:1lVcae:a_gD2CCsUiTuabuv64sWWSEW6laJxvJYk3gsD48mWZE", "expire_date": "2021-04-25T16:05:36.824Z"}}, {"model": "sites.site", "pk": 1, "fields": {"domain": "cooksfinest.example.com", "name": "Cook's Finest"}}, {"model": "account.emailaddress", "pk": 1, "fields": {"user": 1, "email": "greg-lewis@hotmail.co.uk", "verified": true, "primary": true}}, {"model": "account.emailaddress", "pk": 2, "fields": {"user": 2, "email": "test@test.com", "verified": true, "primary": true}}, {"model": "products.category", "pk": 1, "fields": {"name": "pots_pans", "friendly_name": "Pots & Pan"}}, {"model": "products.category", "pk": 2, "fields": {"name": "bakeware", "friendly_name": "Bakeware"}}, {"model": "products.category", "pk": 3, "fields": {"name": "knives", "friendly_name": "Knives"}}, {"model": "products.category", "pk": 4, "fields": {"name": "tools_gadgets", "friendly_name": "Tools & Gadgets"}}, {"model": "products.category", "pk": 5, "fields": {"name": "cutlery", "friendly_name": "Cutlery"}}, {"model": "products.category", "pk": 6, "fields": {"name": "crockery", "friendly_name": "Crockery"}}, {"model": "products.category", "pk": 7, "fields": {"name": "glassware", "friendly_name": "Glassware"}}, {"model": "products.category", "pk": 8, "fields": {"name": "serving_pieces", "friendly_name": "Serving Pieces"}}, {"model": "products.category", "pk": 9, "fields": {"name": "chopping_boards", "friendly_name": "Chopping Boards"}}, {"model": "products.category", "pk": 10, "fields": {"name": "utensils", "friendly_name": "Utensils"}}, {"model": "products.category", "pk": 11, "fields": {"name": "oven_gloves_towels_aprons", "friendly_name": "Oven Gloves, Towels & Aprons"}}, {"model": "products.category", "pk": 12, "fields": {"name": "measuring", "friendly_name": "Measuring"}}, {"model": "products.category", "pk": 13, "fields": {"name": "new_arrivals", "friendly_name": "New Arrivals"}}, {"model": "products.category", "pk": 14, "fields": {"name": "deals", "friendly_name": "Deals"}}, {"model": "products.category", "pk": 15, "fields": {"name": "clearance", "friendly_name": "Clearance"}}, {"model": "products.product", "pk": 2, "fields": {"category": 9, "sku": "cf202100001", "name": "Rectangular Wooden Chopping Board", "price": "39.95", "has_sizes": false, "description": "Food grade chopping board made of attractive sections of wood. Extremely hardwearing and tough board at a great price.", "rating": "4.20", "image": "1_g9UVIg7.png", "image_url": "https://8000-emerald-swallow-bffzkpp4.ws-eu03.gitpod.io/media/1_g9UVIg7.png"}}, {"model": "products.product", "pk": 3, "fields": {"category": 9, "sku": "cf202100002", "name": "Luxury End Grain Multi-wood Chopping Board", "price": "69.95", "has_sizes": false, "description": "Exquisite individual wooden piece luxury end grain  chopping board. Produced from Acacia, Sapele, Hard Maple, Maple,  Ash & Oak. Thick, durable and kinder to knife blades", "rating": "4.80", "image": "2_YNoRy76.png", "image_url": "https://8000-emerald-swallow-bffzkpp4.ws-eu03.gitpod.io/media/2_YNoRy76.png"}}, {"model": "products.product", "pk": 4, "fields": {"category": 9, "sku": "cf202100003", "name": "Round Wooden Chopping Board", "price": "35.99", "has_sizes": false, "description": "Provide a perfect cutting surface with this round wooden chopping board. Constructed from multiple blocks of wood that are glued and pressed together, the board is incredibly robust and will not warp over time, saving you money on replacements. Its premium wooden construction also means knives will not blunt when used on it, making it easier for you to keep them in great condition. Featuring finger grooves, the board is also easy to lift to allow for easy placement and cleaning. We would recommend that this board is hand washed and dried thoroughly before storing.", "rating": "4.90", "image": "3_8pmRCVx.png", "image_url": "https://8000-emerald-swallow-bffzkpp4.ws-eu03.gitpod.io/media/3_8pmRCVx.png"}}, {"model": "products.product", "pk": 5, "fields": {"category": 9, "sku": "cf202100004", "name": "Kombi Bamboo and Plastic Chopping Board", "price": "29.99", "has_sizes": false, "description": "This makes barbecuing, cooking and baking a lot more fun. Unsightly scratches on your worktop are a thing of the past with this chopping board. Features a juice gutter for catching liquid - suitable for steaks, roasts and other juicy foods. Food-safe, non-slip surface. Bamboo is environmentally-friendly, renewable, knife-friendly and durable.", "rating": "3.00", "image": "4_eu2LTlG.png", "image_url": "https://8000-emerald-swallow-bffzkpp4.ws-eu03.gitpod.io/media/4_eu2LTlG.png"}}, {"model": "products.product", "pk": 6, "fields": {"category": 9, "sku": "cf202100005", "name": "Plastic Chopping Board 18x12 Inch White", "price": "11.95", "has_sizes": false, "description": "Easy to clean plastic chopping board, ideal for food preparation, durable chopping board.", "rating": "2.50", "image": "5_bLEjS5H.png", "image_url": "https://8000-emerald-swallow-bffzkpp4.ws-eu03.gitpod.io/media/5_bLEjS5H.png"}}, {"model": "products.product", "pk": 7, "fields": {"category": 3, "sku": "cf202100006", "name": "Victorinox Fibrox Chef Knife 12.5cm", "price": "21.99", "has_sizes": false, "description": "With over 100 years of experience in making the finest knives, Victorinox have become world-renowned for the quality of their products. The 5\" chef knife from Victorinox is expertly-crafted to provide professional results with each slice. The high-carbon stainless steel provides an ultra-sharp edge that cuts through the toughest of produce with ease, whilst also being highly durable and easy to maintain.", "rating": "4.60", "image": "12_9ptUtz8.png", "image_url": "https://8000-emerald-swallow-bffzkpp4.ws-eu03.gitpod.io/media/12_9ptUtz8.png"}}, {"model": "products.product", "pk": 8, "fields": {"category": 3, "sku": "cf202100008", "name": "homgeek Professional Kitchen Knife Set with Wooden Block", "price": "79.99", "has_sizes": false, "description": "homgeek Professional Kitchen Knife Set with Block Wooden, Stainless Steel, Including Sharpener, Scissors, Wooden Block, Full-Tang Design,15 Pieces, Brown. The edge is painstakingly hand sharpened to 16-18 per side, ultra sharp. Knife set includes: 8\" Chef KnifeA multifunctional knife with curved blade, 7\" Santoku KnifeSlicing, dicing, and mincing, 8\" Slicing KnifeCutting smaller and thinner slices of meat and fish, 8\" Bread Knife Scalloped and serrated blade cuts bread, 5\" Utility KnifeDesigned to cut fruits and vegetables and remove fat or sinew from meat, 4.5\" Steak Knives(6 pcs) Steak knife with Serrated that segmenting steak easy, 3.5\" Paring KnifePeeling, trimming and segmenting fruits and vegetables. Knife SharpenerKeeping in excellent condition will enhance chef capabilities. Kitchen ScissorsCleaning skin off of poultry and trimming fat meat.", "rating": "4.60", "image": "11_5HXlVgA.png", "image_url": "https://8000-emerald-swallow-bffzkpp4.ws-eu03.gitpod.io/media/11_5HXlVgA.png"}}, {"model": "products.product", "pk": 9, "fields": {"category": 10, "sku": "cf202100007", "name": "My Kitchen Silicone-Coated Cooking Spatula", "price": "4.99", "has_sizes": false, "description": "Perfect for stirring, stir-frying and getting right into the corners of pans to get out every last scrap, our My Kitchen Large Silicone Spatula is one of the utensils youll always find yourself reaching for.\r\n\r\nIn one of four kitchen-cheering colours  pastel blue, pale green, coral pink or purple  its made of stain-resistant, odour-resistant, heat-resistant silicone so it wont damage your prized non-stick pans. The flexible edges help you get right into any corners if youre using it for scraping out pans. Theres a handy hanging hole in the handle and it has a stainless steel core for extra strength.\r\n\r\nDishwasher safe for easy cleaning.\r\n\r\nHeat-resistant to 230C.", "rating": "4.90", "image": "13_MRzqY9s.png", "image_url": "https://8000-emerald-swallow-bffzkpp4.ws-eu03.gitpod.io/media/11_5HXlVgA.png"}}, {"model": "products.product", "pk": 10, "fields": {"category": 10, "sku": "cf202100009", "name": "Wusthof Gourmet Slotted Spatula", "price": "26.95", "has_sizes": false, "description": "This offset slotted spatula, or fish turner features a thin, flexible blade designed to slide and flip delicate foods with ease. Just right for cradling delicate fish or letting grease drip away from burgers. This versatile tool made by renowned German knife company Wusthof has instantly become a chef favourite. Dishwasher safe", "rating": "5.00", "image": "14_iWj9UEE.png", "image_url": "https://8000-emerald-swallow-bffzkpp4.ws-eu03.gitpod.io/media/14_iWj9UEE.png"}}, {"model": "products.product", "pk": 11, "fields": {"category": 10, "sku": "cf202100010", "name": "Mason Cash 5 Piece Bamboo Kitchen Utensil Set", "price": "26.99", "has_sizes": false, "description": "Mason Cash 5 Piece Bamboo Kitchen Utensil Set. Eco friendly Non Stick utensils includes 3 Spatulas, and 2 Wooden Spoons\r\n\r\nHigh Quality, strong 5 piece wooden cooking utensil set from Mason Cash.\r\nSet contains: slotted spoon, solid spoon, slotted turner, solid turner and risotto spoon.\r\nCrafted from environmentally friendly bamboo - ideal for use on non stick surfaces. Each piece has a hanging hook for practical storage.", "rating": "4.30", "image": "19_e6Bvn6D.png", "image_url": "https://8000-emerald-swallow-bffzkpp4.ws-eu03.gitpod.io/media/19_e6Bvn6D.png"}}, {"model": "products.product", "pk": 12, "fields": {"category": 1, "sku": "cf202100011", "name": "Eco 3 Piece Non-Stick Saucepan Set", "price": "89.99", "has_sizes": false, "description": "This scratch proof, non-stick pan set is ideal for easy cooking. With a soft grip and stay cool handle this pan has perfect heat distribution for energy efficient cooking. This pan set is oven safe up to 150C/300F/Gas Mark 2. Palm oil free and PFOA free. Better for you and our planet.\r\n\r\nMade from recycled materials and recyclable too, including the packaging.", "rating": "4.00", "image": "21_xzUr9XY.png", "image_url": "https://8000-emerald-swallow-bffzkpp4.ws-eu03.gitpod.io/media/21_xzUr9XY.png"}}, {"model": "products.product", "pk": 13, "fields": {"category": 2, "sku": "cf202100012", "name": "Masterclass Bakeware Vitreous Enamel Baking Tray", "price": "15.99", "has_sizes": false, "description": "Ideal for general baking and grilling of individual or child portions and for placing within other bake pans to separate food types whilst cooking, for example separating vegetarian dishes from meat. Manufactured from heavy duty 1mm steel, with a highly durable enamel coating, this baking tray forms part of the Demartino collection. Able to be used with metal utensils this pan is suitable for all direct heat sources including induction. Demartino Professional -- Designed for exceptional high performance and durability to meet the demands of a professional chef & a commercial kitchen environment.\r\nFeatures\r\nDemartino collection\r\nDishwasher, oven, fridge and freezer safe\r\nSuitable for all direct heat sources including induction\r\nSleeved\r\nHeavy duty, high quality enamelled roasting pan\r\nMaterial: Enamel\r\nShape: Rectangular\r\nProduct Details\r\nPrimary Material: Steel\r\nDishwasher Safe: No\r\nRefrigerator Safe: Yes", "rating": "4.70", "image": "22.png", "image_url": "https://8000-emerald-swallow-bffzkpp4.ws-eu03.gitpod.io/media/22.png"}}, {"model": "products.product", "pk": 14, "fields": {"category": 2, "sku": "cf202100013", "name": "Non-Stick Flexible Muffin Pan", "price": "12.49", "has_sizes": false, "description": "This flexible silicone six hole pan is perfect for making muffins, cupcakes and Yorkshire puddings. Silicone is non-stick and totally flexible for easy release and turning out of cakes as well as tolerating temperatures exceeding most ovens the pan does not absorb odours and will not distort or taint, so is totally reusable time and time again. Featuring a matt black exterior the pan also cooks the contents evenly and a little quicker. Oven safe to 250C (482F)\r\nDishwasher, fridge and freezer safe", "rating": "4.10", "image": "23.png", "image_url": "https://8000-emerald-swallow-bffzkpp4.ws-eu03.gitpod.io/media/23.png"}}, {"model": "products.product", "pk": 15, "fields": {"category": 5, "sku": "cf202100014", "name": "Kingston Cutlery Set", "price": "35.99", "has_sizes": false, "description": "Includes 4 knives, forks, spoons and teaspoons\r\nSimple and stylish modern design\r\nMade from 18/10 stainless steel\r\nDishwasher safe", "rating": "4.50", "image": "24.png", "image_url": "https://8000-emerald-swallow-bffzkpp4.ws-eu03.gitpod.io/media/24.png"}}, {"model": "products.product", "pk": 16, "fields": {"category": 11, "sku": "cf202100015", "name": "Messy chef Kitchen Apron", "price": "19.99", "has_sizes": true, "description": "If it's not messy in the kitchen, it's not made with love. It has two side pockets to keep those all important kitchen utensils handy, or just hold your phone or other belongings whilst you cook.", "rating": "4.10", "image": "25.png", "image_url": "https://8000-emerald-swallow-bffzkpp4.ws-eu03.gitpod.io/media/25.png"}}, {"model": "profiles.userprofile", "pk": 1, "fields": {"user": 1, "default_full_name": "checking this all still works", "default_phone_number": "123456789", "default_street_address1": "there over there", "default_street_address2": "yep over there", "default_town_or_city": "has this worked?", "default_county": "fingers crossed", "default_postcode": "12345", "default_country": "GB"}}, {"model": "profiles.userprofile", "pk": 2, "fields": {"user": 2, "default_full_name": "Mr Testytest", "default_phone_number": "9876543210", "default_street_address1": "this", "default_street_address2": "is testing", "default_town_or_city": "the", "default_county": "form name upo checkout", "default_postcode": "12345", "default_country": "GB"}}, {"model": "blog.blogpost", "pk": 1, "fields": {"title": "My first ever blog", "created_on": "2021-04-19T11:40:50.770Z", "updated_on": "2021-04-22T20:05:54.874Z", "slug": "my-first-ever-blog", "author": 1, "body": "i have never written a blog before. This is a test of content of the blog to see how this renders. Updated version", "image": "julie-martins-9_JzprubLOs-unsplash.jpg", "image_url": "https://8000-emerald-swallow-bffzkpp4.ws-eu03.gitpod.io/media/julie-martins-9_JzprubLOs-unsplash.jpg", "status": 1}}, {"model": "blog.blogpost", "pk": 2, "fields": {"title": "another blog for testing", "created_on": "2021-04-19T16:05:04.879Z", "updated_on": "2021-04-19T16:05:04.879Z", "slug": "another-blog-testing", "author": 1, "body": "What is Lorem Ipsum?\r\nLorem Ipsum is simply dummy text of the printing and typesetting industry. Lorem Ipsum has been the industry's standard dummy text ever since the 1500s, when an unknown printer took a galley of type and scrambled it to make a type specimen book. It has survived not only five centuries, but also the leap into electronic typesetting, remaining essentially unchanged. It was popularised in the 1960s with the release of Letraset sheets containing Lorem Ipsum passages, and more recently with desktop publishing software like Aldus PageMaker including versions of Lorem Ipsum.\r\n\r\nWhy do we use it?\r\nIt is a long established fact that a reader will be distracted by the readable content of a page when looking at its layout. The point of using Lorem Ipsum is that it has a more-or-less normal distribution of letters, as opposed to using 'Content here, content here', making it look like readable English. Many desktop publishing packages and web page editors now use Lorem Ipsum as their default model text, and a search for 'lorem ipsum' will uncover many web sites still in their infancy. Various versions have evolved over the years, sometimes by accident, sometimes on purpose (injected humour and the like).\r\n\r\n\r\nWhere does it come from?\r\nContrary to popular belief, Lorem Ipsum is not simply random text. It has roots in a piece of classical Latin literature from 45 BC, making it over 2000 years old. Richard McClintock, a Latin professor at Hampden-Sydney College in Virginia, looked up one of the more obscure Latin words, consectetur, from a Lorem Ipsum passage, and going through the cites of the word in classical literature, discovered the undoubtable source. Lorem Ipsum comes from sections 1.10.32 and 1.10.33 of \"de Finibus Bonorum et Malorum\" (The Extremes of Good and Evil) by Cicero, written in 45 BC. This book is a treatise on the theory of ethics, very popular during the Renaissance. The first line of Lorem Ipsum, \"Lorem ipsum dolor sit amet..\", comes from a line in section 1.10.32.\r\n\r\nThe standard chunk of Lorem Ipsum used since the 1500s is reproduced below for those interested. Sections 1.10.32 and 1.10.33 from \"de Finibus Bonorum et Malorum\" by Cicero are also reproduced in their exact original form, accompanied by English versions from the 1914 translation by H. Rackham.", "image": "", "image_url": null, "status": 1}}, {"model": "reviews.review", "pk": 1, "fields": {"product": 2, "user_profile": 1, "created_on": "2021-04-21T15:02:14.044Z", "review_rating": "3", "review_title": "Best ever chopping board", "review_content": "this is the best chopping I have ever purchased. I barely marks when I use and washes really well. It looks so professional and sheek!"}}, {"model": "reviews.review", "pk": 2, "fields": {"product": 2, "user_profile": 2, "created_on": "2021-04-22T09:57:38.860Z", "review_rating": "1", "review_title": "Don't buy this chopping board", "review_content": "It marked and stained straight away, split after a few washed. Never again"}}, {"model": "reviews.review", "pk": 3, "fields": {"product": 4, "user_profile": 1, "created_on": "2021-04-22T10:26:50.947Z", "review_rating": "5", "review_title": "I love circle chopping boards", "review_content": "they are the best best best :)"}}]